İstanbul;(77. Yarış Günü);10/10/2025
1. Kosu :   16.45;ŞARTLI 4/DHÖ; 4 ve Yukarı Araplar; 58.00kg; 60.00 kg; 2000m; Sentetik;;;;Rekor Derece :2.14.92
İkramiye;;;;;Yetiştirici Primi;;;;
1.)425.000 TL;2.)170.000 TL;3.)85.000 TL;4.)42.500 TL;5.)21.250 TL;1.)76.500 TL;2.)30.600 TL;3.)15.300 TL;4.)7.650 TL;5.)3.825 TL;
At No;At İsmi;Yaş;Orijin(Baba);Orijin(Anne);Kilo;Jokey Adı;Sahip Adı;Antrenör Adı;St;AGF;H;Son 6 Yarış;KGS;s20;EnİyiDerece
1;EGETAY KG GKR;7y k  a;ALTAHA;AHUBERE;60;E.BOZDAĞ AP;TOLGA ŞAHİN;E.USLU;4;%2.1(7);75;Ç4Ç4S8Ç1Ç4Ç5;7;18;2:18.02
2;FIRTINALAR DİYARI KG DB;7y k  a;TAMERİNOĞLU;BEYAZ İNCİ;60;A.ÇELİK;MEHMET SAİT AYALP;R.GÜNELİ;3;%10.22(3);87;Ç7S2S7Ç7Ç5S6;12;13;2:16.03
3;GUBAZ DB SK;9y a  a;TURBO;GÖKÇEDİL;57;M.KEÇECİ AP;İSRAFİL FELHAN;Ö.GÜNELİ;1;%2.42(6);58;Ç2Ç9S5Ç9Ç8S3;7;14;2:18.30
4;HÜKÜM KG K DB;5y a  a;UÇANBEY;RABİA;60;G.KOCAKAYA;NECATİ DEMİRKOL;Z.GÜNELİ;5;%67.79(1);101;S3Ç2S0S2S3S2;12;20;2:16.91
5;HAZBALIK KG DB SK;5y k k;BALIKHAN;HAZ;58;A.YILDIZ;FATMA NİLGÜN KUTLU;R.A.TEKELİ;6;%11.15(2);84;Ç0Ç4Ç2Ç1Ç1K0;11;19;2:17.49
6;TATMAR BEY DB SK;6y k  a;EFEM;AHUCEREN;53 +2.00;SER.YILDIZ AP;MURAT TEZER;G.TAŞDELEN;8;%2.45(5);82;Ç4-K0K9Ç9K6Ç1;4;20;
7;KARAGÖZBEYİ KG K;4y a  a;DURMAZER;AŞK FIRTINASI;55;S.AKBULAT AP;HÜSNÜ KARAGÖZ;B.ŞENGEL;2;%0.28(8);36;S0K3S8S9Ç5Ç0;4;13;2:22.63
8;SUBİKE KG DB;9y k k;ARASLI;KUTBİKE;55 +1.70;A.SÖZEN;TÜLAY ÇİFTÇİ;C.POLAT;7;%3.6(4);76;S9S0S7Ç5Ç8Ç3;9;12;2:19.28
1. 6'LI GANYAN Bu koşudan başlar;1. ÇİFTE Bu koşudan başlar;GANYAN;İKİLİ;SIRALI İKİLİ

2. Kosu :   17.15;Maiden/DHÖW; 3 Yaşlı Araplar; 57.00kg; 1400m; Sentetik;;;;Rekor Derece :1.31.22
İkramiye;;;;;Yetiştirici Primi;;;;
1.)430.000 TL;2.)172.000 TL;3.)86.000 TL;4.)43.000 TL;5.)21.500 TL;1.)129.000 TL;2.)51.600 TL;3.)25.800 TL;4.)12.900 TL;5.)6.450 TL;
At No;At İsmi;Yaş;Orijin(Baba);Orijin(Anne);Kilo;Jokey Adı;Sahip Adı;Antrenör Adı;St;AGF;H;Son 6 Yarış;KGS;s20;EnİyiDerece
1;ABUZER BABA KG;3y k  e;KIBRISLI;AKAD PRENSESİ;57 +0.10;A.KURŞUN;MELİS KURTEL EMİN;H.YÜZBAŞI;1;%25.51(2);32;Ç5S5S4Ç3;14;17;
2;BALDER KG SK;3y k  e;GELİBOLU;ROSAM;57 +0.50;M.KAYA;CÜNEYT ÇALICIOĞLU;S.AYDOĞAN;2;%25.59(1);33;Ç2Ç4Ç5;14;17;
3;İLKUTHAN KG K DB;3y k  e;KARAÜZÜM;VIKA (RU);54 +0.70;E.BOZDAĞ AP;MEHMETAKİF KAYA;T.YILMAZ;3;%2.05(7);;;;20;
4;İNZİBAT KG SK;3y d  e;ÖZGÜNHAN;ÖZGÜR NAZ;57;E.AKTUĞ;NECATİ DEMİRKOL;Z.GÜNELİ;6;%4.77(6);;S7;128;19;
5;TOSKAAN KG K DB;3y k  e;SERDÜMEN;YURTGÜZELİ;57;A.SÖZEN;KAAN TURAN YURDABAK;K.T.YURDABAK;9;%5.36(5);22;S9K6Ç0Ç5Ç6Ç6;14;14;
6;ÜMİTZADE KG SK;3y a  e;TAMERŞAH;İZBELİ;53;Y.GÖKÇE AP;MUHAMMED MANTAR;E.KOCA;8;%0.81(10);;Ç6;7;19;
7;SUSADIM KG DB SK;3y a  d;DEMİRDÖVEN;BAHRİYEM;57;A.KAÇMAZ;METE AYSEL;BET.YILDIRIM;4;%14.87(3);33;S2K0Ç0S7Ç3S3;30;14;
8;TULPARIM KG DB SK;3y k  d;SERDÜMEN;FREYA;57;A.YILDIZ;CÜNEYT ÇALICIOĞLU;S.AYDOĞAN;5;%12.23(1);35;K5Ç0S3S3S4Ç2;14;17;
9;ALEMARA K;3y a  d;ODİNHAN;TAMGÜL;51 +2.00;Y.Ş.GÜMÜŞ AP;HALİT DAĞTEKİN;Ö.GÜNELİ;10;%0.3(12);;Ç8Ç0;14;18;
10;CONFLICT KG DB SK;3y k  d;GÜMBÜRGÜMBÜR;GALADRİYEL;55;A.ASLAN;SONER SÖKMEN;A.ŞIVGIN;7;%1.2(8);13;S5S9Ç8;28;17;
11;DENİZ İNCİSİ KG K DB;3y k  d;DENİZİM;KAHRAMANKIZ;55 +1.20;G.ÖZÇELİK;NASRİ ARTAR;B.ŞENGEL;13;%5.86(4);;S4S5;9;18;1:36.56
12;HAYLAZKIZ DB;3y k  d;SERDÜMEN;ÇITIRKIZ;55 +0.20;B.AKÇAY;ERSEN BÜYÜKTÜRKLER;G.SUBAŞI;12;%0.63(11);;Ç9S0;9;18;1:38.84
13;KAMERAYKIZI DB SK;3y k  d;ATEŞTOPU;KAMERAY;54 +2.00;M.KEÇECİ AP;NECDET YILDIZ;R.GÜNELİ;11;%0.83(9);27;Ç4Ç5K5Ç7Ç8S7;30;14;
[(2)BALDER,(8)TULPARIM,] eküridir.1. 5'Lİ GANYAN;2. ÇİFTE Bu koşudan başlar;GANYAN;İKİLİ;SIRALI İKİLİ;ÜÇLÜ BAHİS;PLASE;PLASE İKİLİ;SIRALI 5 Lİ BAHİS

3. Kosu :   17.45;SATIŞ 3/DHÖW; 4 Yaşlı Araplar; 58.00kg; 2100m; Sentetik;;;;Rekor Derece :2.22.22
İkramiye;;;;;Yetiştirici Primi;;;;
1.)450.000 TL;2.)180.000 TL;3.)90.000 TL;4.)45.000 TL;5.)22.500 TL;1.)108.000 TL;2.)43.200 TL;3.)21.600 TL;4.)10.800 TL;5.)5.400 TL;
At No;At İsmi;Yaş;Orijin(Baba);Orijin(Anne);Kilo;Jokey Adı;Sahip Adı;Antrenör Adı;St;AGF;H;Son 6 Yarış;KGS;s20;EnİyiDerece
1;BABA MESUT KG DB;4y k  a;TAMERİNOĞLU;SEVİYE;58;Ö.YILDIRIM;ABDULLAH AVCI;A.AVCI;6;%18.24(1);46;Ç3S4Ç3Ç2S5Ç2;14;18;2:31.59
2;KING PELE KG DB SK;4y k  a;TURBO;AÇIK ARA;58;A.YILDIZ;ZEYNEP DOĞANAY ÇİLEK;U.DEMİR;8;%14.93(3);61;K5K9Ç1Ç5S5K1;11;20;2:30.40
3;UMUDUNU KAYBETME KG K DB;4y a  a;GÜNTAY;UMUT IŞIĞIM;58;M.KAYA;SELİM KAYA;V.KARAKUŞ;5;%14.71(4);64;Ç4Ç6Ç3Ç7S8K2;11;14;2:27.28
4;EFE METE BEY SKG;4y k  a;YAKUPBEY;ÖZLÜCAN;57;A.ÇELİK;YÜCEL YAĞIZ;Y.DEMİRKIRAN;7;%16.84(2);70;Ç1Ç7K6S5Ç3Ç4;12;15;
5;OLGUNADAM KG DB SK;4y a  a;SEMEND;ŞÖLENKIZ;57;A.SÖZEN;MEHMET EMİN DEMİRKAPU;D.DEMİRKAPU;2;%7.09(7);53;Ç3Ç4Ç6Ç9S3Ç7;17;14;
6;ÇAYCI KIZ DB SKG SK;4y a k;TURBO;DOMİNA;56;V.ABİŞ;İSMAİL YILMAZ;R.GÜNELİ;9;%12.39(5);67;Ç6S2S3Ç1Ç0Ç6;9;18;2:30.25
7;FREKANS KG DB SK GKR;4y d  a;BABA MEVLÜT;ŞAFAKTAN;55;E.BOZDAĞ AP;CAHİT KARADENİZ;E.USLU;4;%1.67(9);24;Ç5Ç4Ç5S9-Ç0Ç6;18;10;
8;YAĞIZHANBEY KG DB;4y d  a;BAHARŞAH;NURMELEK;55;A.KAÇMAZ;DAVUT ARSLANCA;H.R.YEŞİLBUDAK;3;%5.52(8);56;Ç4S4Ç1Ç1S0Ç7;9;18;
9;GRİBULUT KG;4y k k;BAŞSEKLAVİ;KANLITAY;54 +2.00;G.ÖZÇELİK;MEHMET ÇAVUŞ;B.ŞANDAN;1;%8.6(6);32;S9K8Ç9S3S4Ç3;19;13;
1. 4'LÜ GANYAN;3. ÇİFTE Bu koşudan başlar;GANYAN;İKİLİ;SIRALI İKİLİ;ÜÇLÜ BAHİS;PLASE

4. Kosu :   18.30;ŞARTLI 4; 3 ve Yukarı İngilizler; 57.00kg; 60.00 kg; 60.00 kg; 2000m; Sentetik;;;;Rekor Derece :2.00.81
İkramiye;;;;;Yetiştirici Primi;;;;
1.)425.000 TL;2.)170.000 TL;3.)85.000 TL;4.)42.500 TL;5.)21.250 TL;1.)76.500 TL;2.)30.600 TL;3.)15.300 TL;4.)7.650 TL;5.)3.825 TL;
At No;At İsmi;Yaş;Orijin(Baba);Orijin(Anne);Kilo;Jokey Adı;Sahip Adı;Antrenör Adı;St;AGF;H;Son 6 Yarış;KGS;s20;EnİyiDerece
1;WINNER GETS IT ALL DB SK;7y a  a;WIN RIVER WIN (USA);LOVELY DOYOUN;62;A.ÇELİK;YILDIRIM GELGİN;A.KÜÇÜKAKSOY;7;%6.99(4);86;S8Ç3S5Ç7Ç8Ç3;16;14;2:04.78
2;DREAM TWICE DB SK;4y d  a;BUSHRANGER (IRE);ATHENA;60;G.ÖZÇELİK;ESRA ATMAN;E.USLU;6;%11.82(3);84;Ç6Ç1Ç5Ç5Ç6Ç4;28;16;
3;MY INVENTION KG DB SK;4y d  a;VICTORY GALLOP (CAN);CELERITAS;60;G.KOCAKAYA;NURBİYE GÜLERCE;İ.KARADAĞ;4;%17.12(2);64;S1S7S5S5S5S4;19;17;2:04.83
4;DEMİRKURT K;8y d  a;DUTYFREE;DIVINE LIFE;57;A.KAÇMAZ;UFUK KURTLAR;B.ŞANDAN;1;%4.17(5);89;Ç7S3Ç5Ç4Ç2Ç9;16;16;2:03.17
5;FILIUS VENTUS K DB;4y d  a;TOROK (IRE);SERENARA;57;E.AKTUĞ;MEHMET MURAT UĞURLU;G.GÖKÇE;3;%1.09(7);57;Ç8Ç7Ç4S8Ç5Ç5;16;14;2:08.26
6;SPEEDY BOSS KG K;3y d  e;BLUEGRASS CAT (USA);FINAL SENSE (USA);57;Ö.YILDIRIM;BANU ALEMDAR SÖLPÜK;U.BİLİK;8;%3.51(6);54;Ç3Ç4Ç5S1S9Ç5;7;18;
7;BORSELLİNO K SKG;4y k  a;RUN AWAY AND HIDE (USA);NEVER MIND;56;S.AKBULAT AP;YAMAN GİDER;MAH.BAYKARA;9 - DS;%0.21(9);12;S6S0Ç0K6K0K0;10;12;2:10.67
8;CROWNED SK;4y d  a;BODEMEISTER (USA);FLY WINGS;56;B.AKÇAY;AYDIN ÜSTÜNDAĞ;E.USLU;2;%0.74(8);61;S1S2S7-S5S9S7;19;15;2:05.40
9;DAGMAR KG SK;5y d  a;THREE VALLEYS (USA);GIPSY QUEEN;56;V.ABİŞ;ARZU GÜNEŞ;MİR.İPEK;5;%54.35(1);100;S2S3S4S4S6-S7;16;15;2:02.35
7'Lİ PLASE;1. 3'LÜ GANYAN;4. ÇİFTE Bu koşudan başlar;GANYAN;İKİLİ;SIRALI İKİLİ;ÜÇLÜ BAHİS;PLASE

5. Kosu :   19.00;Handikap 16/DHÖW /H1; 4 ve Yukarı Araplar; kg; 2000m; Sentetik;;;;Rekor Derece :2.14.92
İkramiye;;;;;Yetiştirici Primi;;;;
1.)520.000 TL;2.)208.000 TL;3.)104.000 TL;4.)52.000 TL;5.)26.000 TL;1.)93.600 TL;2.)37.440 TL;3.)18.720 TL;4.)9.360 TL;5.)4.680 TL;
At No;At İsmi;Yaş;Orijin(Baba);Orijin(Anne);Kilo;Jokey Adı;Sahip Adı;Antrenör Adı;St;AGF;H;Son 6 Yarış;KGS;s20;EnİyiDerece
1;SİYAH PENÇE DB SKG SK;4y d  a;ÖZHABER;DENİZMERYEM;59,5;M.KEÇECİ AP;SELİM YILDIZ;R.TAŞDELEN;6;%21.55(1)  %20.75(1);67;K1K3K2S1S1K6;10;19;2:19.19
2;GÖKTUĞTAY KG;5y k  a;SİLAH;DÜŞÜMDEKİ;61;E.BOZDAĞ AP;NİMET ARİF KURTEL;B.ŞANDAN;3;%3.91(9)  %4.22(9);65;S3Ç3Ç1Ç0Ç0Ç0;68;17;2:17.86
3;TUNÇYILMAZ KG DB SK;5y a  a;UÇANBEY;BOSNALI;62,5;A.SÖZEN;CİHAN EMİL;HAK.POLAT;10 - DS;%5.3(7)  %4.91(8);64;S7S7Ç0K7Ç0Ç0;14;11;2:17.61
4;CAZGIR YAŞAR SK;4y k  a;TAMERİNOĞLU;ÖZBEYZA;59,5;A.ÇELİK;BİRKAN BORA AKARSU;MİR.İPEK;4;%14.84(3)  %14.03(3);63;Ç3Ç2Ç5Ç5K5Ç6;27;16;
5;ÖNDER KG DB;5y a  a;AYABAKAN;GÜLRUZ;59;Y.Ş.GÜMÜŞ AP;CELAL AKIL;FERH.ALTIN;1;%2.18(10)  %2.08(10);63;Ç6Ç4Ç6Ç3S9Ç6;9;10;2:22.78
6;ALATURKA DB;5y a  a;TURBO;MÜJGAN;56,5;Y.GÖKÇE AP;SERAY ÜNBAY;E.USLU;2;%6.82(6)  %7.13(6);58;S5S9S5S8S7S5;7;14;2:17.50
7;HALİD BEY KG DB;5y k  a;TURBO;BERDANGÜLÜ;57,5;G.ÖZÇELİK;CEMİL TANER;H.E.UYSAL;8;%4.93(8)  %5.22(7);54;S5Ç8S7Ç4Ç4Ç9;7;7;2:18.46
8;AKTER TAY KG DB;5y d  a;ONURKAAN;BERLİN;57;A.YILDIZ;AYHAN KARAYAKA;Ş.GÖKÇE;5;%16.86(2)  %17.49(2);53;Ç0Ç9S0K5Ç9Ç3;14;9;2:17.77
9;ESEN BATU KG DB SK GKR;5y d  a;TURBO;IŞINSOY;54;A.KAÇMAZ;HİLMİ CAN ESEN;S.MUTLU;9;%11.63(5)  %11.79(5);47;S6S1S7Ç8Ç0S4;19;16;2:18.48
10;KUMRAN HANI KG DB GKR;4y k  a;KAMAN;BOLKARIN GÜLÜ;50 +2.00;A.ASLAN;DEMİRHAN YILMAZ;S.BEKTAŞ;7;%11.98(4)  %12.37(4);36;Ç7Ç0Ç8Ç0S2S6;21;9;2:19.30
2. 6'LI GANYAN Bu koşudan başlar;5. ÇİFTE Bu koşudan başlar;GANYAN;İKİLİ;SIRALI İKİLİ

6. Kosu :   19.30;Maiden/DHÖW; 3 Yaşlı Araplar; 57.00kg; 1400m; Sentetik;;;;Rekor Derece :1.31.22
İkramiye;;;;;Yetiştirici Primi;;;;
1.)430.000 TL;2.)172.000 TL;3.)86.000 TL;4.)43.000 TL;5.)21.500 TL;1.)129.000 TL;2.)51.600 TL;3.)25.800 TL;4.)12.900 TL;5.)6.450 TL;
At No;At İsmi;Yaş;Orijin(Baba);Orijin(Anne);Kilo;Jokey Adı;Sahip Adı;Antrenör Adı;St;AGF;H;Son 6 Yarış;KGS;s20;EnİyiDerece
1;KUDRETLİ KAN KG SK;3y a  g;ONURKAAN;SEVGİÇİÇEĞİ;59;A.KURŞUN;CAVİDAN KAYA ÖZASLAN;E.KAYA;4;%18.69(2)  %16.25(2);31;S2K7K3K6K5S3;9;15;1:35.15
2;ALPAYMAN KG DB SK;3y a  e;BİÇER;SERAY KIZI;53;Y.GÖKÇE AP;METE ÇELİK;E.KOCA;13 - DS;%34.66(1)  %38.81(1);33;K9Ç9S9Ç0S4S2;9;12;1:34.80
3;BELLİ BEY KG K;3y d  e;SAADIN GÜCÜ;EL HAMAME;54 +2.00;M.KEÇECİ AP;İSRAFİL FELHAN;Ö.GÜNELİ;2;%6.72(5)  %7.3(5);;Ç5;7;19;
4;ÇELİK BAŞKAN KG SK;3y a  e;SEMEND;KIZIM KÜBRA;53 +2.00;F.ÇELİK AP;MUNİR GÖKÇE;E.KOCA;10;%0.83(11)  %0.8(11);;Ç6;7;19;
5;ENGÜRÜ SKG SK;3y a  e;ŞÜKRÜ;ALARAGÜLÜ;57 +0.10;M.KAYA;İBRAHİM ENGİN;E.KARACA;12;%12.81(4)  %11.31(4);30;S0Ç9Ç5Ç4Ç3K4;10;17;
6;AL YÜREK KG K DB;3y k  d;THOR;ACELE ETME;55;B.AKÇAY;ERGÜN DİLER;Y.ÖZTAŞ;3;%1.91(9)  %1.81(9);;Ç6S7;9;18;1:37.14
7;AVRENLİ KG K DB;3y k  d;BABA MEVLÜT;UĞURUN KIZI;55;E.AKTUĞ;ÜMİT BEKMEZCİ;A.ŞIVGIN;5;%4.52(6)  %4.74(6);31;K3Ç5Ç3Ç4K9Ç0;14;15;
8;AYBARIM KG K GKR;3y a  d;AYABAKAN;HANIM EFE;55 +1.20;G.ÖZÇELİK;ERDOĞAN ŞENOCAKLI;T.ŞİT;1;%1.03(10)  %1.06(10);26;S0Ç4Ç0Ç7S6Ç0;14;14;
9;BUSE SK;3y a  d;BİÇER;AYDANARI;55;A.YILDIZ;MEHMET ÇAVUŞ;B.ŞANDAN;11;%2.25(8)  %2.29(8);;Ç5S0;9;18;1:39.78
10;EFSUNHATUN KG K;3y a  d;GELİBOLU;ŞİMŞEKBURCU;52 +2.00;E.BOZDAĞ AP;CEM KUTER;A.AVCI;8;%0.49(12)  %0.49(12);11;Ç0Ç0S0;9;17;1:42.60
11;MON NIA SK;3y k  d;ARASLI;YENİCELİ;55 +1.50;O.ÖZTÜRK;M.ÖMER NAUSHAD MA;E.USLU;6;%12.22(3)  %11.07(3);;Ç2;7;19;
12;PELŞİN KG;3y k  d;FATİH AĞA;MEDYA;55;A.KAÇMAZ;SIRAÇ DEMİR;Ö.GÜNELİ;9;%3.21(7)  %3.52(7);;Ç3S7;9;18;1:36.44
13;YAFAA SK;3y a  d;AYABAKAN;ARMAĞAN;55;A.ASLAN;M.ÖMER NAUSHAD MA;E.USLU;7;%0.66(3)  %0.56(3);;Ç6;7;19;
[(11)MON NIA,(13)YAFAA,] eküridir.2. 5'Lİ GANYAN;6. ÇİFTE Bu koşudan başlar;GANYAN;İKİLİ;SIRALI İKİLİ;ÜÇLÜ BAHİS;PLASE;PLASE İKİLİ;SIRALI 5 Lİ BAHİS

7. Kosu :  BYERLEY TURK KOŞUSU 20.00;G 1; 3 ve Yukarı İngilizler; 56.50kg; 60.00 kg; 60.00 kg; 2000m; Sentetik;;;;Rekor Derece :2.00.81
İkramiye;;;;;Yetiştirici Primi;;;;
1.)3.500.000 TL;2.)1.400.000 TL;3.)700.000 TL;4.)350.000 TL;5.)175.000 TL;1.)1.050.000 TL;2.)420.000 TL;3.)210.000 TL;4.)105.000 TL;5.)52.500 TL;
At No;At İsmi;Yaş;Orijin(Baba);Orijin(Anne);Kilo;Jokey Adı;Sahip Adı;Antrenör Adı;St;AGF;H;Son 6 Yarış;KGS;s20;EnİyiDerece
1;AL TAN DB SK;4y a  a;LUXOR;NO MORE STRIKE;60;G.KOCAKAYA;NEDİM KİSBU;M.ÖZ;9 - DS;%14.57(3);106;Ç6S4Ç1Ç5Ç2Ç3;12;20;
2;ATTALOS KG K DB;4y d  a;APPROVE (IRE);ŞİRİN HANIM;60;Ö.YILDIRIM;SEMA ORHAN;S.BEKTAŞ;8 - DS;%13.81(4);101;S1S1S1S3K7S2;34;17;2:02.20
3;CAPTAIN FANTASTIC DB SKG SK;6y d  a;MSHAWISH (USA);RAHAF (USA);60;A.YILDIZ;SEMA ULAŞ;ON.ÖZELCANAT;6;%8.83(6);105;S3S9S4S2K3S1;34;20;2:02.74
4;KOCA SEYİD KG SK;8y d  a;SMART ROBIN (JPN);RED BIRD;60;A.ÇELİK;MEHMET ÇAVUŞ;B.ŞANDAN;2;%3.77(7);101;S1S2S1S6S0S3;21;20;2:01.90
5;RIDE THE LIGHTNING DB SK;4y d  a;TOROK (IRE);INVINCIBLE ROCK;60;M.KAYA;MUSTAFA YILMAZ;V.KARAKUŞ;3;%2.24(10);104;Ç1Ç1Ç2Ç3Ç5Ç8;12;20;2:03.32
6;VINCITORE DB BB;7y d  a;VICTORY GALLOP (CAN);ELEVATO;60;A.SÖZEN;NECATİ DEMİRKOL;Z.GÜNELİ;4;%2.85(9);107;S4S7Ç7S1S3S9;34;20;2:01.02
7;ALBAYRAK DB SKG SK;3y d  e;WIENER WALZER (GER);LEAVE ME ALONE;56,5;V.ABİŞ;MEHMET ALBAYRAK;E.KOCA;5;%3.69(8);89;Ç9Ç0Ç3Ç2Ç2Ç3;13;18;
8;FROSTER K DB SKG;3y a  e;FROSTED (USA);VACATION TRAVEL (USA);56,5;A.KURŞUN;M.REŞAT AKKAN;T.TÜRKMEN;10 - DS;%9.7(5);94;K2K3K1K1K1K9;20;19;
9;HOPE BREEZE;3y d  e;TOROK (IRE);KATSUYA;56,5;E.ÇANKAYA;ÜMİT DURUCAN;G.ŞİMŞEK;7 - DS;%18.52(2);95;S2Ç0S1S4S3S2;19;17;2:02.95
10;POETRY IN MOTION DB SK;3y a  e;CATALINA CRUISER (USA);ONE SHOW ONLY (USA);56,5 +1.50;S.KAYA;KEMAL KURT;İB.B.OĞULLARI;1;%22.03(1);95;K3S1S7S1S4S1;19;20;2:02.97
2. 4'LÜ GANYAN;7. ÇİFTE Bu koşudan başlar;GANYAN;İKİLİ;SIRALI İKİLİ;ÜÇLÜ BAHİS;PLASE;PLASE İKİLİ

8. Kosu :   20.30;ŞARTLI 5/Dişi; 3 Yaşlı İngilizler; 58.00kg; 2000m; Sentetik;;;;Rekor Derece :2.00.81
İkramiye;;;;;Yetiştirici Primi;;;;
1.)520.000 TL;2.)208.000 TL;3.)104.000 TL;4.)52.000 TL;5.)26.000 TL;1.)93.600 TL;2.)37.440 TL;3.)18.720 TL;4.)9.360 TL;5.)4.680 TL;
At No;At İsmi;Yaş;Orijin(Baba);Orijin(Anne);Kilo;Jokey Adı;Sahip Adı;Antrenör Adı;St;AGF;H;Son 6 Yarış;KGS;s20;EnİyiDerece
1;JIMDEMA K;3y d  d;MENDIP (USA);LADY CHARA;61;A.SÖZEN;DEMİRHAN YILMAZ;S.BEKTAŞ;5;%52.16(1);76;S5S1S1S3K1K1;10;20;2:04.93
2;FLY FOREVER KG K DB;3y d  d;BODEMEISTER (USA);PRINCESS IZABEL;58;V.ABİŞ;EMRAH AGUN;İB.B.OĞULLARI;4;%33.97(2);67;Ç4Ç0Ç5S4S2K2;10;19;2:05.44
3;LOST IN PARADISE SK;3y d  d;KLUGER (JPN);QUEEN OF STORM;55;E.BOZDAĞ AP;ENDER COŞGUNSU;AT.GÖKÇE;2;%0.89(6);60;Ç9Ç5Ç1Ç8Ç8Ç0;12;17;2:05.06
4;NOBLE PRINCESS K;3y d  d;EUPRHATES (USA);BELLINI ROSE (IRE);58;A.ÇELİK;MAHMUT ÇADIRCI;A.KAPLAN;1;%7.37(3);55;K4K8K4K3Ç4K4;6;17;2:06.32
5;BLACK RUBY K;3y d  d;EL CORREDOR (USA);RICCONA;54 +1.70;M.KEÇECİ AP;TALAT ÖNER;Ö.GÜNELİ;8 - DS;%0.54(8);42;S5S4S3S1S8K8;122;18;2:06.69
6;CREATIVE GIRL K DB;3y d  d;MENDIP (USA);SHAURI;55 +1.30;E.ÇANKAYA;ÜMİT DURUCAN;G.ŞİMŞEK;3;%1.88(5);44;S4S8Ç1S4Ç8Ç0;7;17;2:08.50
7;ÇELİK ALTIN;3y d  d;CASTLE ROCK;SUN OF NILE;55;B.AKÇAY;MEHMET ÇELİK;HAS.ALTUNBAŞ;6;%2.44(4);35;S3Ç9S8S7S3S2;9;13;2:06.55
8;CANKAFESİM KG SK;3y d  d;KANEKO;ZEYNEP HANIM;54 +2.00;G.ÖZÇELİK;NECATİ DEMİRKOL;Z.GÜNELİ;7;%0.75(7);35;S7S4S6S3Ç0S7;9;13;2:06.98
2. 3'LÜ GANYAN;8. ÇİFTE Bu koşudan başlar;GANYAN;İKİLİ;SIRALI İKİLİ;ÜÇLÜ BAHİS;PLASE

9. Kosu :   21.00;KV-7/Dişi; 2 Yaşlı İngilizler; 57.00kg; 1300m; Sentetik;;;;Rekor Derece :1.15.99
İkramiye;;;;;Yetiştirici Primi;;;;
1.)700.000 TL;2.)280.000 TL;3.)140.000 TL;4.)70.000 TL;5.)35.000 TL;1.)210.000 TL;2.)84.000 TL;3.)42.000 TL;4.)21.000 TL;5.)10.500 TL;
At No;At İsmi;Yaş;Orijin(Baba);Orijin(Anne);Kilo;Jokey Adı;Sahip Adı;Antrenör Adı;St;AGF;H;Son 6 Yarış;KGS;s20;EnİyiDerece
1;GOOD WIEW GLORY SKG SK;2y a  d;LION HEART (USA);MARLA SINGER;59;A.YILDIZ;MEHMET BOZKAYA;Ö.GÜNELİ;7;%32.04(1);70;K1Ç4K1S1S4K1;10;20;
2;HOLD FAST K;2y d  d;TIZWAY (USA);LIGHT FOOT;57;A.SÖZEN;MELİS KURTEL EMİN;H.YÜZBAŞI;6;%15.28(3);72;Ç1Ç2Ç3Ç4Ç6S6;23;15;
3;ANGEL OF DEFNE K DB SKG;2y a  d;KANEKO;DONG SOCIETY;55 +1.70;M.KAYA;İBRAHİM ENGİN;E.KARACA;3;%13.27(4);46;S4K1K3K4Ç2S2;34;19;
4;LA HIGUERA DB SK;2y d  d;MENDIP (USA);AMARELISE;54 +2.00;A.KURŞUN;GÜLİZAR YANIK;C.KATI;5;%11.92(5);42;Ç2Ç3Ç1;13;20;
5;ROSAS DEL ROSEDAL SK;2y d  d;KANEKO;REAL GIRL;55 +1.20;E.ÇANKAYA;SEMİH KATI;C.KATI;4;%4.84(7);47;Ç4Ç1Ç2Ç3Ç4;12;17;
6;VAYNAKH SK;2y d  d;BLUEGRASS CAT (USA);RAPUNZEL;54 +2.00;Ö.YILDIRIM;ADİL MERT KAYA;T.TAŞAR;2;%4.99(6);45;Ç1Ç5;9;19;
7;VICTORY LANE SK;2y d  d;VICTORY GALLOP (CAN);CANYAKAR (IRE);54 +1.70;A.ÇELİK;BARAN D. CEMİLOĞLU;S.ÖZGEZER;1;%17.66(2);46;S2S1Ç7;14;19;1:18.86
9. ÇİFTE Bu koşudan başlar;GANYAN;İKİLİ;SIRALI İKİLİ;ÜÇLÜ BAHİS

10. Kosu :   21.30;Maiden/DHÖW; 3 Yaşlı Araplar; 57.00kg; 1400m; Sentetik;;;;Rekor Derece :1.31.22
İkramiye;;;;;Yetiştirici Primi;;;;
1.)430.000 TL;2.)172.000 TL;3.)86.000 TL;4.)43.000 TL;5.)21.500 TL;1.)129.000 TL;2.)51.600 TL;3.)25.800 TL;4.)12.900 TL;5.)6.450 TL;
At No;At İsmi;Yaş;Orijin(Baba);Orijin(Anne);Kilo;Jokey Adı;Sahip Adı;Antrenör Adı;St;AGF;H;Son 6 Yarış;KGS;s20;EnİyiDerece
1;AKSOYLUCAN KG DB;3y a  e;KÜÇÜK KAFKASLI;DURDEN;54 +1.50;M.KEÇECİ AP;BAHADIR YENİ;BET.YILDIRIM;10;%4.77(8);31;S6Ç8S8Ç5Ç9K4;74;8;
2;ALSAKİB KG SK GKR;3y a  e;GELİBOLU;CANBANU;53;Y.GÖKÇE AP;MAHMUT ZAMAN;E.KOCA;11;%0.65(13);12;S8S9Ç9S0;9;16;1:41.57
3;ATARTAY KG SK GKR;3y a  e;TAYKUT;KIYMET HANIM;57;A.KURŞUN;MEHMETAKİF KAYA;T.YILMAZ;5;%9.2(5);;Ç5;7;19;
4;BÜYÜKSULTAN KG K;3y d  e;ÖZGÜNHAN;NEVRA;57;A.SÖZEN;ESİN SULTAN KEPME;MİR.İPEK;2;%7.19(7);;Ç6Ç0;28;18;
5;ERİŞMİŞ KG GKR;3y k  e;ŞAHİNTER;ÇİNARE;57 +0.30;M.KAYA;SELİM KAYA;V.KARAKUŞ;7;%18.37(1);31;Ç5Ç8S5Ç8Ç2Ç4;14;15;
6;FİKRİ HARİKA KG DB SK;3y k  e;TAMERİNOĞLU;SİDELYA;57;A.ASLAN;H. NİSA ÜNLÜ MUTLU;S.KAYMAKLI;1;%2.23(9);12;S6Ç9K0;10;17;
7;ULU BEDEN;3y a  d;ÖZGÜNHAN;NECİBE;58;A.ÇELİK;NECDET TURAN;F.TURAN;4;%13.61(4);35;K7K4K2K3K5Ç4;14;17;
8;GÜMÜŞBİKE KG K GKR;3y d  d;ÖZGÜNHAN;CABİRE;57;G.ÖZÇELİK;ERDOĞAN ŞENOCAKLI;T.ŞİT;3;%7.86(6);32;Ç4Ç4Ç5Ç6Ç6Ç2;18;15;
9;KARBİR KG DB SK;3y d  d;AYABAKAN;PRENSES MONTANA;57;E.ÇANKAYA;MUSTAFA KAPLAN;Ö.GÜNELİ;13;%16.77(2);36;S0Ç5S5Ç2S7Ç2;14;18;1:42.75
10;BEYPAZARI GÜZELİ KG DB SK GKR;3y a  d;UFUKBİR;CANSET;53 +1.50;U.LEVENT AP;ERGÜN FIRAT;B.ŞENGEL;12;%0.5(14);12;Ç9Ç8K8Ç0S0;30;15;
11;GÖK MİLA KG K GKR;3y k  d;KURTÇABEY;BAHTIEVER;55;A.KAÇMAZ;MEHMET NAİM;V.YÜKSEL;6;%1.97(10);15;Ç7S0Ç8;14;17;
12;GÜLLÜ TAY KG DB;3y k  d;TAMERİNOĞLU;AYSEL ANA;55;A.YILDIZ;M.YAVUZ SALİHOĞLU;Y.DEMİRKIRAN;14;%14.68(3);;Ç2Ç5;14;18;
13;KOŞ KARAGÜL KOŞ KG K;3y a  d;THOR;İSYANCAN;55;B.AKÇAY;MERTCAN KARAGÜL;V.KARAKAYA;8;%1.02(12);;Ç7;7;19;
14;TAM YOL K;3y a  d;SERDÜMEN;BAMBİNO GIRL;55;E.AKTUĞ;FUAT OCAKOĞLU;T.ŞİT;9;%1.17(11);;;;20;
GANYAN;İKİLİ;SIRALI İKİLİ;PLASE;PLASE İKİLİ;SIRALI 5 Lİ BAHİS;TABELA BAHİS;TABELA BAHİS SIRASIZ

